{
  "Delete character" : {
    "transaction" : "Delete character",
    "sampleCount" : 4438,
    "errorCount" : 0,
    "errorPct" : 0.0,
    "meanResTime" : 371.5020279405136,
    "medianResTime" : 371.0,
    "minResTime" : 26.0,
    "maxResTime" : 1037.0,
    "pct1ResTime" : 559.0,
    "pct2ResTime" : 584.0,
    "pct3ResTime" : 619.6099999999997,
    "throughput" : 73.34809770931808,
    "receivedKBytesPerSec" : 18.408653428998775,
    "sentKBytesPerSec" : 9.096883211995504
  },
  "Total" : {
    "transaction" : "Total",
    "sampleCount" : 27897,
    "errorCount" : 5099,
    "errorPct" : 18.27795,
    "meanResTime" : 16776.093773524015,
    "medianResTime" : 507.0,
    "minResTime" : 14.0,
    "maxResTime" : 134557.0,
    "pct1ResTime" : 87602.00000000004,
    "pct2ResTime" : 131648.9,
    "pct3ResTime" : 133483.96000000002,
    "throughput" : 204.20158840537275,
    "receivedKBytesPerSec" : 15322.02319817553,
    "sentKBytesPerSec" : 29.618626306134026
  },
  "Get all characters" : {
    "transaction" : "Get all characters",
    "sampleCount" : 9396,
    "errorCount" : 4788,
    "errorPct" : 50.957855,
    "meanResTime" : 46862.756066411275,
    "medianResTime" : 16678.5,
    "minResTime" : 28.0,
    "maxResTime" : 134557.0,
    "pct1ResTime" : 131701.0,
    "pct2ResTime" : 132523.5,
    "pct3ResTime" : 133905.06,
    "throughput" : 68.77722065658969,
    "receivedKBytesPerSec" : 15287.282542123394,
    "sentKBytesPerSec" : 6.301181696739011
  },
  "Get character by id" : {
    "transaction" : "Get character by id",
    "sampleCount" : 5023,
    "errorCount" : 311,
    "errorPct" : 6.191519,
    "meanResTime" : 4329.064304200678,
    "medianResTime" : 382.0,
    "minResTime" : 14.0,
    "maxResTime" : 72390.0,
    "pct1ResTime" : 822.8000000000011,
    "pct2ResTime" : 36586.8,
    "pct3ResTime" : 66165.0,
    "throughput" : 50.33318302520166,
    "receivedKBytesPerSec" : 14.643603371286137,
    "sentKBytesPerSec" : 6.10330278633699
  },
  "Change character" : {
    "transaction" : "Change character",
    "sampleCount" : 4482,
    "errorCount" : 0,
    "errorPct" : 0.0,
    "meanResTime" : 369.8469433288708,
    "medianResTime" : 369.0,
    "minResTime" : 25.0,
    "maxResTime" : 1037.0,
    "pct1ResTime" : 558.0,
    "pct2ResTime" : 584.8499999999995,
    "pct3ResTime" : 620.3400000000001,
    "throughput" : 74.03002824438829,
    "receivedKBytesPerSec" : 18.57980201055448,
    "sentKBytesPerSec" : 16.6278383752044
  },
  "Create character" : {
    "transaction" : "Create character",
    "sampleCount" : 4558,
    "errorCount" : 0,
    "errorPct" : 0.0,
    "meanResTime" : 576.7797279508555,
    "medianResTime" : 370.0,
    "minResTime" : 26.0,
    "maxResTime" : 37622.0,
    "pct1ResTime" : 560.0,
    "pct2ResTime" : 587.0,
    "pct3ResTime" : 637.8199999999997,
    "throughput" : 53.875794898465756,
    "receivedKBytesPerSec" : 12.364074024550247,
    "sentKBytesPerSec" : 12.048395538817049
  }
}