{
  "Delete character" : {
    "transaction" : "Delete character",
    "sampleCount" : 20000,
    "errorCount" : 2291,
    "errorPct" : 11.455,
    "meanResTime" : 1864.1376000000043,
    "medianResTime" : 32.0,
    "minResTime" : 0.0,
    "maxResTime" : 133487.0,
    "pct1ResTime" : 72.0,
    "pct2ResTime" : 171.0,
    "pct3ResTime" : 131510.78000000003,
    "throughput" : 124.12106768942427,
    "receivedKBytesPerSec" : 63.37324746870597,
    "sentKBytesPerSec" : 13.630547775362588
  },
  "Total" : {
    "transaction" : "Total",
    "sampleCount" : 100000,
    "errorCount" : 17851,
    "errorPct" : 17.851,
    "meanResTime" : 4060.6883400000056,
    "medianResTime" : 30.0,
    "minResTime" : 0.0,
    "maxResTime" : 135286.0,
    "pct1ResTime" : 9254.900000000001,
    "pct2ResTime" : 131672.0,
    "pct3ResTime" : 133695.0,
    "throughput" : 620.2396606048577,
    "receivedKBytesPerSec" : 18663.647024225786,
    "sentKBytesPerSec" : 84.40155279906405
  },
  "Get all characters" : {
    "transaction" : "Get all characters",
    "sampleCount" : 20000,
    "errorCount" : 5716,
    "errorPct" : 28.58,
    "meanResTime" : 6406.387749999979,
    "medianResTime" : 39.0,
    "minResTime" : 0.0,
    "maxResTime" : 135286.0,
    "pct1ResTime" : 29317.800000000047,
    "pct2ResTime" : 30187.0,
    "pct3ResTime" : 132927.97,
    "throughput" : 124.05408758218583,
    "receivedKBytesPerSec" : 18371.73797111478,
    "sentKBytesPerSec" : 10.901882908448083
  },
  "Get character by id" : {
    "transaction" : "Get character by id",
    "sampleCount" : 20000,
    "errorCount" : 4142,
    "errorPct" : 20.71,
    "meanResTime" : 5911.792850000013,
    "medianResTime" : 31.0,
    "minResTime" : 0.0,
    "maxResTime" : 134264.0,
    "pct1ResTime" : 19692.70000000002,
    "pct2ResTime" : 31696.95,
    "pct3ResTime" : 131629.94,
    "throughput" : 124.08256453844388,
    "receivedKBytesPerSec" : 89.19876301315897,
    "sentKBytesPerSec" : 12.202054012364828
  },
  "Change character" : {
    "transaction" : "Change character",
    "sampleCount" : 20000,
    "errorCount" : 2552,
    "errorPct" : 12.76,
    "meanResTime" : 2124.691899999995,
    "medianResTime" : 33.0,
    "minResTime" : 0.0,
    "maxResTime" : 133700.0,
    "pct1ResTime" : 105.0,
    "pct2ResTime" : 3947.9500000000007,
    "pct3ResTime" : 81859.3600000001,
    "throughput" : 124.10797393732548,
    "receivedKBytesPerSec" : 67.24598467072603,
    "sentKBytesPerSec" : 24.31886053366429
  },
  "Create character" : {
    "transaction" : "Create character",
    "sampleCount" : 20000,
    "errorCount" : 3150,
    "errorPct" : 15.75,
    "meanResTime" : 3996.4315999999667,
    "medianResTime" : 34.0,
    "minResTime" : 0.0,
    "maxResTime" : 133911.0,
    "pct1ResTime" : 3916.0000000000146,
    "pct2ResTime" : 22498.550000000007,
    "pct3ResTime" : 131563.76000000004,
    "throughput" : 124.09103318194227,
    "receivedKBytesPerSec" : 73.12281653101965,
    "sentKBytesPerSec" : 23.380071542358476
  }
}