{
  "Delete character" : {
    "transaction" : "Delete character",
    "sampleCount" : 100,
    "errorCount" : 0,
    "errorPct" : 0.0,
    "meanResTime" : 2.6999999999999993,
    "medianResTime" : 2.0,
    "minResTime" : 1.0,
    "maxResTime" : 12.0,
    "pct1ResTime" : 6.0,
    "pct2ResTime" : 7.0,
    "pct3ResTime" : 11.95999999999998,
    "throughput" : 101.11223458038423,
    "receivedKBytesPerSec" : 25.376801061678464,
    "sentKBytesPerSec" : 12.540286905965623
  },
  "Total" : {
    "transaction" : "Total",
    "sampleCount" : 500,
    "errorCount" : 0,
    "errorPct" : 0.0,
    "meanResTime" : 4.327999999999995,
    "medianResTime" : 3.0,
    "minResTime" : 1.0,
    "maxResTime" : 20.0,
    "pct1ResTime" : 9.0,
    "pct2ResTime" : 10.0,
    "pct3ResTime" : 13.980000000000018,
    "throughput" : 496.52432969215494,
    "receivedKBytesPerSec" : 11953.435327706058,
    "sentKBytesPerSec" : 81.36404543197618
  },
  "Get all characters" : {
    "transaction" : "Get all characters",
    "sampleCount" : 100,
    "errorCount" : 0,
    "errorPct" : 0.0,
    "meanResTime" : 9.090000000000002,
    "medianResTime" : 8.0,
    "minResTime" : 7.0,
    "maxResTime" : 20.0,
    "pct1ResTime" : 11.0,
    "pct2ResTime" : 13.899999999999977,
    "pct3ResTime" : 19.97999999999999,
    "throughput" : 100.10010010010011,
    "receivedKBytesPerSec" : 11950.818005505505,
    "sentKBytesPerSec" : 12.317004504504505
  },
  "Get character by id" : {
    "transaction" : "Get character by id",
    "sampleCount" : 100,
    "errorCount" : 0,
    "errorPct" : 0.0,
    "meanResTime" : 2.4899999999999998,
    "medianResTime" : 2.0,
    "minResTime" : 1.0,
    "maxResTime" : 8.0,
    "pct1ResTime" : 5.0,
    "pct2ResTime" : 6.0,
    "pct3ResTime" : 7.989999999999995,
    "throughput" : 101.01010101010101,
    "receivedKBytesPerSec" : 25.35116792929293,
    "sentKBytesPerSec" : 12.52761994949495
  },
  "Change character" : {
    "transaction" : "Change character",
    "sampleCount" : 100,
    "errorCount" : 0,
    "errorPct" : 0.0,
    "meanResTime" : 3.8299999999999996,
    "medianResTime" : 4.0,
    "minResTime" : 1.0,
    "maxResTime" : 8.0,
    "pct1ResTime" : 6.0,
    "pct2ResTime" : 6.0,
    "pct3ResTime" : 7.989999999999995,
    "throughput" : 101.11223458038423,
    "receivedKBytesPerSec" : 25.376801061678464,
    "sentKBytesPerSec" : 22.71075581395349
  },
  "Create character" : {
    "transaction" : "Create character",
    "sampleCount" : 100,
    "errorCount" : 0,
    "errorPct" : 0.0,
    "meanResTime" : 3.5300000000000002,
    "medianResTime" : 2.0,
    "minResTime" : 1.0,
    "maxResTime" : 12.0,
    "pct1ResTime" : 6.0,
    "pct2ResTime" : 7.0,
    "pct3ResTime" : 11.95999999999998,
    "throughput" : 101.11223458038423,
    "receivedKBytesPerSec" : 23.20446789686552,
    "sentKBytesPerSec" : 22.612013397371083
  }
}