{
  "Delete character" : {
    "transaction" : "Delete character",
    "sampleCount" : 14803,
    "errorCount" : 4152,
    "errorPct" : 28.048368,
    "meanResTime" : 7652.6529081942945,
    "medianResTime" : 395.0,
    "minResTime" : 0.0,
    "maxResTime" : 137966.0,
    "pct1ResTime" : 17206.2,
    "pct2ResTime" : 65550.6,
    "pct3ResTime" : 132635.91999999998,
    "throughput" : 54.601453284644606,
    "receivedKBytesPerSec" : 48.33273322521301,
    "sentKBytesPerSec" : 4.872463696700601
  },
  "Total" : {
    "transaction" : "Total",
    "sampleCount" : 98157,
    "errorCount" : 39792,
    "errorPct" : 40.539135,
    "meanResTime" : 19750.433723524646,
    "medianResTime" : 30427.0,
    "minResTime" : 0.0,
    "maxResTime" : 178305.0,
    "pct1ResTime" : 129905.0,
    "pct2ResTime" : 131507.95,
    "pct3ResTime" : 134772.99,
    "throughput" : 358.4897391228128,
    "receivedKBytesPerSec" : 13006.211998494833,
    "sentKBytesPerSec" : 35.34692448170609
  },
  "Get all characters" : {
    "transaction" : "Get all characters",
    "sampleCount" : 23616,
    "errorCount" : 12788,
    "errorPct" : 54.14973,
    "meanResTime" : 35221.44071815721,
    "medianResTime" : 1248.0,
    "minResTime" : 0.0,
    "maxResTime" : 178305.0,
    "pct1ResTime" : 133509.0,
    "pct2ResTime" : 134521.95,
    "pct3ResTime" : 135845.98,
    "throughput" : 86.25273922571219,
    "receivedKBytesPerSec" : 12720.59450828045,
    "sentKBytesPerSec" : 4.866148876917458
  },
  "Get character by id" : {
    "transaction" : "Get character by id",
    "sampleCount" : 22778,
    "errorCount" : 10377,
    "errorPct" : 45.557117,
    "meanResTime" : 24091.633549916467,
    "medianResTime" : 975.0,
    "minResTime" : 0.0,
    "maxResTime" : 145195.0,
    "pct1ResTime" : 129941.9,
    "pct2ResTime" : 132759.9,
    "pct3ResTime" : 136169.81000000003,
    "throughput" : 83.38855228716297,
    "receivedKBytesPerSec" : 103.02759579611394,
    "sentKBytesPerSec" : 5.630556454897403
  },
  "Change character" : {
    "transaction" : "Change character",
    "sampleCount" : 16764,
    "errorCount" : 5248,
    "errorPct" : 31.305178,
    "meanResTime" : 9713.260439036058,
    "medianResTime" : 429.0,
    "minResTime" : 0.0,
    "maxResTime" : 138163.0,
    "pct1ResTime" : 32412.0,
    "pct2ResTime" : 65754.75,
    "pct3ResTime" : 133235.35,
    "throughput" : 61.812108005265316,
    "receivedKBytesPerSec" : 59.282502579883044,
    "sentKBytesPerSec" : 9.537299877585184
  },
  "Create character" : {
    "transaction" : "Create character",
    "sampleCount" : 20196,
    "errorCount" : 7227,
    "errorPct" : 35.784313,
    "meanResTime" : 13962.132650029687,
    "medianResTime" : 505.0,
    "minResTime" : 0.0,
    "maxResTime" : 137944.0,
    "pct1ResTime" : 61517.0,
    "pct2ResTime" : 67198.70000000001,
    "pct3ResTime" : 133705.0,
    "throughput" : 74.40729483282675,
    "receivedKBytesPerSec" : 77.25586747029566,
    "sentKBytesPerSec" : 10.685434080547113
  }
}