{
  "Delete character" : {
    "transaction" : "Delete character",
    "sampleCount" : 2481,
    "errorCount" : 0,
    "errorPct" : 0.0,
    "meanResTime" : 249.66908504635225,
    "medianResTime" : 267.0,
    "minResTime" : 20.0,
    "maxResTime" : 411.0,
    "pct1ResTime" : 355.0,
    "pct2ResTime" : 371.0,
    "pct3ResTime" : 401.0,
    "throughput" : 81.99755428495885,
    "receivedKBytesPerSec" : 20.579464307846116,
    "sentKBytesPerSec" : 10.169618549013451
  },
  "Total" : {
    "transaction" : "Total",
    "sampleCount" : 13564,
    "errorCount" : 841,
    "errorPct" : 6.200236,
    "meanResTime" : 2505.5989383662636,
    "medianResTime" : 272.0,
    "minResTime" : 12.0,
    "maxResTime" : 54736.0,
    "pct1ResTime" : 381.0,
    "pct2ResTime" : 31382.75,
    "pct3ResTime" : 36132.7,
    "throughput" : 241.98526394662196,
    "receivedKBytesPerSec" : 17653.70866913903,
    "sentKBytesPerSec" : 38.97852534654702
  },
  "Get all characters" : {
    "transaction" : "Get all characters",
    "sampleCount" : 3450,
    "errorCount" : 841,
    "errorPct" : 24.376812,
    "meanResTime" : 9124.528115942014,
    "medianResTime" : 313.0,
    "minResTime" : 31.0,
    "maxResTime" : 54736.0,
    "pct1ResTime" : 34318.3,
    "pct2ResTime" : 35670.0,
    "pct3ResTime" : 54094.469999999936,
    "throughput" : 61.548891227944985,
    "receivedKBytesPerSec" : 17609.39806689651,
    "sentKBytesPerSec" : 7.573398725313543
  },
  "Get character by id" : {
    "transaction" : "Get character by id",
    "sampleCount" : 2578,
    "errorCount" : 0,
    "errorPct" : 0.0,
    "meanResTime" : 245.5271528316524,
    "medianResTime" : 256.0,
    "minResTime" : 12.0,
    "maxResTime" : 759.0,
    "pct1ResTime" : 347.0,
    "pct2ResTime" : 370.0,
    "pct3ResTime" : 603.6300000000001,
    "throughput" : 84.95353588611349,
    "receivedKBytesPerSec" : 21.321346408917154,
    "sentKBytesPerSec" : 10.536229548375404
  },
  "Change character" : {
    "transaction" : "Change character",
    "sampleCount" : 2512,
    "errorCount" : 0,
    "errorPct" : 0.0,
    "meanResTime" : 248.19347133757975,
    "medianResTime" : 266.0,
    "minResTime" : 20.0,
    "maxResTime" : 411.0,
    "pct1ResTime" : 355.0,
    "pct2ResTime" : 370.0,
    "pct3ResTime" : 400.0,
    "throughput" : 82.93713681986266,
    "receivedKBytesPerSec" : 20.815277502641308,
    "sentKBytesPerSec" : 18.628458465398836
  },
  "Create character" : {
    "transaction" : "Create character",
    "sampleCount" : 2543,
    "errorCount" : 0,
    "errorPct" : 0.0,
    "meanResTime" : 247.92056626032263,
    "medianResTime" : 266.0,
    "minResTime" : 19.0,
    "maxResTime" : 408.0,
    "pct1ResTime" : 355.0,
    "pct2ResTime" : 370.0,
    "pct3ResTime" : 400.0,
    "throughput" : 83.88309803404142,
    "receivedKBytesPerSec" : 19.25051566210912,
    "sentKBytesPerSec" : 18.759013134565908
  }
}