{
  "Delete character" : {
    "transaction" : "Delete character",
    "sampleCount" : 2000,
    "errorCount" : 0,
    "errorPct" : 0.0,
    "meanResTime" : 14.401499999999979,
    "medianResTime" : 13.0,
    "minResTime" : 2.0,
    "maxResTime" : 62.0,
    "pct1ResTime" : 18.0,
    "pct2ResTime" : 21.0,
    "pct3ResTime" : 33.0,
    "throughput" : 135.080372821829,
    "receivedKBytesPerSec" : 33.90200763204107,
    "sentKBytesPerSec" : 16.753132176144806
  },
  "Total" : {
    "transaction" : "Total",
    "sampleCount" : 10000,
    "errorCount" : 0,
    "errorPct" : 0.0,
    "meanResTime" : 724.2770000000008,
    "medianResTime" : 14.0,
    "minResTime" : 1.0,
    "maxResTime" : 14050.0,
    "pct1ResTime" : 68.0,
    "pct2ResTime" : 7036.399999999987,
    "pct3ResTime" : 12574.939999999999,
    "throughput" : 672.7211570803902,
    "receivedKBytesPerSec" : 16607.737278737808,
    "sentKBytesPerSec" : 110.23692398250925
  },
  "Get all characters" : {
    "transaction" : "Get all characters",
    "sampleCount" : 2000,
    "errorCount" : 0,
    "errorPct" : 0.0,
    "meanResTime" : 3563.772999999997,
    "medianResTime" : 56.5,
    "minResTime" : 8.0,
    "maxResTime" : 14050.0,
    "pct1ResTime" : 11152.0,
    "pct2ResTime" : 12574.699999999999,
    "pct3ResTime" : 13786.96,
    "throughput" : 134.6166790065289,
    "receivedKBytesPerSec" : 16484.429622295047,
    "sentKBytesPerSec" : 16.56416167463149
  },
  "Get character by id" : {
    "transaction" : "Get character by id",
    "sampleCount" : 2000,
    "errorCount" : 0,
    "errorPct" : 0.0,
    "meanResTime" : 14.632000000000003,
    "medianResTime" : 16.0,
    "minResTime" : 2.0,
    "maxResTime" : 81.0,
    "pct1ResTime" : 25.0,
    "pct2ResTime" : 29.0,
    "pct3ResTime" : 43.99000000000001,
    "throughput" : 134.72549680026947,
    "receivedKBytesPerSec" : 33.81294206803638,
    "sentKBytesPerSec" : 16.70911923206467
  },
  "Change character" : {
    "transaction" : "Change character",
    "sampleCount" : 2000,
    "errorCount" : 0,
    "errorPct" : 0.0,
    "meanResTime" : 14.316000000000006,
    "medianResTime" : 13.0,
    "minResTime" : 2.0,
    "maxResTime" : 69.0,
    "pct1ResTime" : 18.0,
    "pct2ResTime" : 20.0,
    "pct3ResTime" : 34.0,
    "throughput" : 134.92545368683804,
    "receivedKBytesPerSec" : 33.86312656007556,
    "sentKBytesPerSec" : 30.305521824192134
  },
  "Create character" : {
    "transaction" : "Create character",
    "sampleCount" : 2000,
    "errorCount" : 0,
    "errorPct" : 0.0,
    "meanResTime" : 14.262500000000014,
    "medianResTime" : 13.0,
    "minResTime" : 1.0,
    "maxResTime" : 68.0,
    "pct1ResTime" : 18.0,
    "pct2ResTime" : 20.0,
    "pct3ResTime" : 32.0,
    "throughput" : 134.81631277384565,
    "receivedKBytesPerSec" : 30.939290529154025,
    "sentKBytesPerSec" : 30.149351196494774
  }
}